word, lang
jigaboo,en
mound of venus,en
asslover,en
s&m,en
queaf,en
whitetrash,en
meatrack,en
ra8s,en
pimp,en
urine,en
whit,en
randy,en
herpes,en
niglet,en
narcotic,en
pudboy,en
rimming,en
boner,en
pornography,en
poop chute,en
israel,en
dong,en
slanteye,en
muffdiving,en
jiggabo,en
assassination,en
peepshpw,en
popimp,en
girl on,en
testicles,en
laid,en
molestor,en
peni5,en
tranny,en
barface,en
hell,en
arsehole,en
pissed,en
sixsixsix,en
execute,en
shitty ,en
conspiracy,en
hamas,en
cunilingus,en
bitcher,en
muslim,en
pee,en
niggled,en
muffindiver,en
cocksman,en
scag,en
aroused,en
niggling,en
fingerfucker ,en
nlggor,en
niggaz,en
assfuck,en
slant,en
urinate,en
mothafucked ,en
fungus,en
retard,en
gummer,en
venus mound,en
alla,en
spaghettinigger,en
piss,en
mickeyfinn,en
fuckers,en
jizzim,en
tramp,en
quashie,en
prince albert piercing,en
hardon,en
menage a trois,en
bukkake,en
shag,en
australian,en
raped,en
buggery,en
deth,en
weenie,en
lickme,en
reverse cowgirl,en
tonguetramp,en
cum,en
copulate,en
gun,en
schlong,en
cunn,en
damnit,en
crackpipe,en
buttmuncher,en
cameltoe,en
camgirl,en
hotpussy,en
cuntfucker,en
slave,en
sluts,en
ball licking,en
hentai,en
jackshit,en
dickman,en
doo-doo,en
gook,en
crimes,en
ho,en
bomd,en
shitdick,en
slapper,en
urinary,en
tantra,en
nookie,en
fuckedup,en
gubba,en
niggur,en
cybersex,en
dicklicker,en
cunillingus,en
hitlerism,en
butt,en
triplex,en
busty,en
dicklick,en
kunilingus,en
asian,en
tonguethrust,en
fistfucking ,en
assmonkey,en
criminal,en
cockknob,en
koon,en
children's,en
shat,en
footfucker,en
blonde action,en
spitter,en
weapon,en
dive,en
cumm,en
cuntlicking ,en
sexy-slim,en
lemon party,en
vibrater,en
upskirt,en
jijjiboo,en
fuckfriend,en
pthc,en
mothafucka,en
sniggered,en
buttfuckers,en
nutfucker,en
Fag,en
peehole,en
taboo,en
erection,en
nudity,en
bast,en
lesbayn,en
hummer,en
shortfuck,en
cherrypopper,en
adult,en
palestinian,en
pussylips,en
nooner,en
how to kill,en
blumpkin,en
stiffy,en
piss pig,en
beastiality,en
latin,en
butchbabes,en
spunk,en
gross,en
xx,en
crackwhore,en
butt-fuckers,en
kraut,en
pooping,en
style doggy,en
lactate,en
fecal,en
rusty trombone,en
wrinkled starfish,en
spigotty,en
dink,en
clogwog,en
whitey,en
dies,en
radical,en
slaughter,en
bollick,en
sodomite,en
balls,en
nimphomania,en
ball gag,en
poof,en
muff diver,en
jail bait,en
beaver,en
asspirate,en
bareback,en
pimpjuice,en
ballsack,en
bi-sexual,en
torture,en
limey,en
nookey,en
breastman,en
loser,en
kills,en
lesbo,en
beatyourmeat,en
lovemaking,en
munt,en
clitoris,en
fornicate,en
wet dream,en
double penetration,en
missionary position,en
bugger,en
lovejuice,en
date rape,en
eatballs,en
handjob,en
nlgger,en
dixiedyke,en
junglebunny,en
sonofabitch,en
goddamned,en
deep throat,en
jism,en
assclown,en
shitforbrains,en
screwyou,en
ethiopian,en
nastyslut,en
gang bang,en
lubejob,en
tied up,en
make me come,en
rimjob,en
sexfarm,en
tight white,en
lezbe,en
lezbo,en
tribadism,en
butt-bang,en
asskiss,en
sadism,en
biteme,en
angie,en
abortion,en
murderer,en
motherfucker,en
sextoy,en
2g1c,en
doggy style,en
cunntt,en
cooly,en
ball sack,en
sodom,en
slideitin,en
fudge packer,en
fatfuck,en
god,en
gipp,en
communist,en
felatio ,en
libido,en
xtc,en
cuntfuck,en
niggardly,en
fuckface,en
faggot,en
protestant,en
trailertrash,en
headfuck,en
shav,en
dickweed,en
refugee,en
trannie,en
giant cock,en
sexhound,en
slut,en
dead,en
titlover,en
wank,en
moslem,en
krappy,en
black cock,en
idiot,en
tortur,en
erotic,en
donkey punch,en
dirty pillows,en
cockcowboy,en
sucker,en
cocktail,en
doom,en
hymen,en
vibr,en
terrorist,en
mufflikcer,en
phonesex,en
teste,en
pisshead,en
slime,en
brea5t,en
tea bagging,en
slutt,en
cumbubble,en
blackout,en
hijacking,en
premature,en
sextogo,en
arse,en
racist,en
jimfish,en
flydye,en
juggs,en
jade,en
wigger,en
niggard's,en
jigg,en
dumb,en
devilworshipper,en
firing,en
gatorbait,en
murder,en
chinese,en
fastfuck,en
spik,en
nuke,en
bastinado,en
kondum,en
pansy,en
destroy,en
ikey,en
women rapping,en
titfucker,en
crime,en
swinger,en
shitola,en
killer,en
fart,en
booby,en
pimpsimp,en
coon,en
strap on,en
zigabo,en
faith,en
bisexual,en
gangsta,en
teat,en
boobies,en
kafir,en
dp action,en
jugs,en
husky,en
homoerotic,en
twinkie,en
spooge,en
kink,en
sleezebag,en
gay,en
homo,en
slutwhore,en
dickless,en
cumfest,en
israeli,en
fuk,en
niggardliness,en
nigr,en
goddamit,en
sandnigger,en
dope,en
insest,en
foreskin,en
acrotomophilia,en
dumbbitch,en
fuckmonkey,en
pubiclice,en
cyberslimer,en
titfuck,en
cummer,en
kumquat,en
one guy one jar,en
fire,en
sexo,en
carruth,en
cocktease,en
trisexual,en
pric,en
rabbi,en
gypp,en
cunnilingus,en
dipshit,en
welfare,en
arabs,en
transvestite,en
tnt,en
penile,en
mothafuckings,en
peckerwood,en
enemy,en
negroid,en
genital,en
gangbanger,en
queef,en
strapon,en
thicklips,en
female squirting,en
flydie,en
crabs,en
christ,en
ejaculate,en
carpet muncher,en
lucifer,en
butchdyke,en
vatican,en
skumbag,en
horseshit,en
eunuch,en
dickforbrains,en
bondage,en
kumbullbe,en
crack,en
niggerhole,en
niggard,en
rosy palm,en
assranger,en
beat-off,en
bastard ,en
asspuppies,en
jiggerboo,en
cuntlick ,en
pommie,en
doggie style,en
lezz,en
jesuschrist,en
nazi,en
feltch,en
chode,en
pleasure chest,en
wetback,en
zipperhead,en
necro,en
goddamnmuthafucker,en
whiskeydick,en
slopy,en
executioner,en
colored,en
ethnic,en
turnon,en
hole,en
nofuckingway,en
mastrabator,en
jack off,en
orgies,en
pisses ,en
blow j,en
criminals,en
cockqueen,en
tosser,en
snownigger,en
holestuffer,en
dipstick,en
mofo,en
nipplering,en
minority,en
italiano,en
palesimian,en
poo,en
horn,en
rape,en
genitals,en
conservative,en
jebus,en
bullcrap,en
dick,en
cumqueen,en
spread legs,en
cancer,en
kaffir,en
mocky,en
suckmytit,en
vorarephilia,en
naked,en
shited,en
nigg,en
spermhearder,en
whore,en
african,en
disease,en
lovebone,en
spreadeagle,en
coprolagnia,en
humping,en
suicide girls,en
bong,en
pole smoker,en
shrimping,en
gin,en
purinapricness,en
sexslave,en
big knockers,en
iblowu,en
pissin ,en
skank,en
lotion,en
asshole,en
easyslut,en
mothafucker,en
whiz,en
lsd,en
cocksucked ,en
hosejob,en
wanker,en
cumjockey,en
eat my ass,en
lovegoo,en
whites,en
propaganda,en
sexwhore,en
cunt,en
welcher,en
how to murder,en
scum,en
phuked,en
suckoff,en
shithapens,en
drug,en
auto erotic,en
sultry women,en
barenaked,en
wetspot,en
sixtynine,en
wrapping men,en
buttplug,en
jiggy,en
alligatorbait,en
flange,en
shitfit,en
dirty,en
huge fat,en
bulldyke,en
orgasm,en
bumfuck,en
deposit,en
big breasts,en
sexual,en
japanese,en
suckmyass,en
church,en
goyim,en
bohunk,en
bigass,en
fannyfucker,en
gaymuthafuckinwhore,en
babies,en
girls,en
turd,en
fuck buttons,en
fagging,en
pisser,en
sandm,en
wog,en
escort,en
octopussy,en
tinkle,en
snigger,en
groe,en
vibrator,en
dix,en
swalow,en
chin,en
niggles,en
asslicker,en
molester,en
backseat,en
geez,en
seppo,en
sexually,en
boong,en
voyeur,en
butthole,en
hoser,en
fore,en
asswhore,en
cocaine,en
skanky,en
european,en
mothafuck,en
titlicker,en
buttstain,en
penises,en
spermacide,en
mexican,en
skankybitch,en
white power,en
puddboy,en
coondog,en
stripclub,en
mockie,en
american,en
jesus,en
tushy,en
kumbubble,en
milf,en
mormon,en
ontherag,en
henhouse,en
slutty,en
big black,en
dego,en
daterape,en
phukked,en
cuntlicker ,en
failed,en
lezbefriends,en
pissing,en
bitchy,en
pohm,en
kigger,en
nastywhore,en
bangbros,en
upthebutt,en
cohee,en
fistfuck,en
fuckingbitch,en
shibari,en
cigs,en
jiggaboo,en
japcrap,en
raper,en
jackass,en
orgasim ,en
sexed,en
jackoff,en
baby batter,en
toilet,en
tampon,en
uk,en
porn,en
snowballing,en
goldenshower,en
titties,en
towelhead,en
titjob,en
abo,en
molestation,en
fok,en
crapola,en
foursome,en
suicide,en
scrotum,en
cumming,en
niggerhead,en
pussie,en
abuse,en
analannie,en
cocksucking,en
breastjob,en
blonde on blonde action,en
paedophile,en
kumming,en
reestie,en
suckme,en
willie,en
shhit,en
titbitnipply,en
hot chick,en
skankwhore,en
fudgepacker,en
dragqueen,en
deapthroat,en
barelylegal,en
circlejerk,en
shinola,en
hookers,en
flatulence,en
scat,en
damn,en
mafia,en
anus,en
gokkun,en
argie,en
buttpirate,en
goregasm,en
fagot,en
fuks,en
redneck,en
jiga,en
cockhead,en
freakfuck,en
2 girls 1 cup,en
crotchjockey,en
dripdick,en
die,en
fuckina,en
orgy,en
phungky,en
beaver cleaver,en
sexy,en
darky,en
magicwand,en
screw,en
dominatrix,en
butt-fucker,en
neonazi,en
fuckpig,en
manpaste,en
molest,en
whiskydick,en
lez,en
darkie,en
rearend,en
niggardliness's,en
trojan,en
smack,en
lapdance,en
brunette action,en
hindoo,en
fourtwenty,en
deepthroat,en
moles,en
hebe,en
pommy,en
fuckher,en
stringer,en
one cup two girls,en
peck,en
backdoorman,en
male squirting,en
shiting,en
clamdiver,en
fairy,en
pussylicker,en
slav,en
nigre,en
robber,en
horny,en
penetration,en
phuking,en
cigarette,en
dyefly,en
playboy,en
golden shower,en
cumshot,en
chinamen,en
pickaninny,en
diddle,en
fatah,en
bombers,en
suckdick,en
bigbastard,en
pube,en
mosshead,en
pornking,en
terror,en
pimper,en
fuckbuddy,en
period,en
catholics,en
pistol,en
g-spot,en
doodoo,en
mockey,en
funeral,en
prickhead,en
whop,en
allah,en
pussyeater,en
cocksmith,en
executed,en
barely legal,en
niggarding,en
swastika,en
buried,en
pocho,en
nip,en
weewee,en
whiskey,en
beast,en
phone sex,en
muncher,en
fuckhead,en
smackthemonkey,en
badfuck,en
harem,en
nigerians,en
bastardo,en
shooting,en
pissoff ,en
fistfucked ,en
ginzo,en
mattressprincess,en
primetime,en
undressing,en
fuckable,en
puss,en
bbw,en
damnation,en
jeez,en
stroking,en
leather restraint,en
yankee,en
piky,en
beastality,en
cocksucer,en
goddamn,en
poopchute,en
shitfaced,en
dickhead,en
gangbanged ,en
masterbate,en
pikey,en
rosy palm and her 5 sisters,en
doggiestyle,en
bitches,en
desire,en
pansies,en
dickbrain,en
sissy,en
felch,en
penis,en
horney,en
buttmunch,en
baptist,en
assassin,en
fingering,en
cock,en
osama,en
mothafucking ,en
republican,en
wetb,en
freefuck,en
rere,en
goatse,en
transexual,en
bunghole,en
assholes,en
butt-fuck,en
nig nog,en
snowback,en
sniper,en
gangbang,en
cockfight,en
death,en
mggor,en
skankbitch,en
goy,en
twat,en
masturbate,en
usama,en
babeland,en
dickwad,en
cornhole,en
nigra,en
fuckinright,en
blue waffle,en
clit,en
niggle,en
timbernigger,en
picaninny,en
whorefucker,en
yellowman,en
ass,en
ero,en
dommes,en
nig,en
lolita,en
grostulation,en
dixiedike,en
shitfucker,en
hymie,en
sheeney,en
asswipe,en
crash,en
vomit,en
died,en
femdom,en
cameljockey,en
footfuck,en
sonofbitch,en
cleveland steamer,en
dahmer,en
feltcher,en
bitch,en
fingerfuckers,en
buttface,en
evl,en
dammit,en
lovepistol,en
twink,en
shitting,en
blind,en
reefer,en
beaver lips,en
motherlovebone,en
panties,en
fucka,en
fatass,en
lugan,en
devil,en
pornflick,en
russkie,en
fight,en
thirdleg,en
hore,en
jerk off,en
negroes,en
moron,en
shaved beaver,en
gonzagas,en
drunken,en
blackman,en
asskisser,en
crotchrot,en
motherfuckin,en
lezzo,en
fondle,en
slopey,en
clusterfuck,en
fister,en
skankfuck,en
condom,en
kill,en
taff,en
shithouse,en
cockblock,en
hoes,en
horniest,en
kunt,en
facefucker,en
assmuncher,en
bollock,en
smut,en
stupidfuck,en
assmunch,en
prostitute,en
payo,en
poorwhitetrash,en
honkey,en
farting ,en
getiton,en
bulldike,en
raping,en
arab,en
moky,en
futanari,en
nigger,en
illegal,en
hardcore,en
skinflute,en
throating,en
asspacker,en
leather straight jacket,en
raghead,en
crotch,en
goo girl,en
knobbing,en
buttman,en
glazeddonut,en
urethra play,en
africa,en
fairies,en
fuckmehard,en
shaved pussy,en
bitchin,en
fu,en
cocks,en
fucker,en
gyppie,en
kinkster,en
penthouse,en
biatch,en
wop,en
erect,en
fag,en
fuck,en
shitfull,en
vaginal,en
fraud,en
color,en
flasher,en
filipino,en
sexpot,en
sexymoma,en
boonie,en
puke,en
buttcheeks,en
cacker,en
bdsm,en
shemale,en
porchmonkey,en
violet blue,en
eatme,en
looser,en
virgin,en
assbagger,en
limy,en
negro's,en
lesbian,en
hustler,en
cunteyed,en
tarbaby,en
nipples,en
dumbfuck,en
backdoor,en
wuzzie,en
sadom,en
threeway,en
pimpjuic,en
chinaman,en
brown showers,en
pubes,en
masturbating,en
bollocks,en
bunga,en
sodomize,en
goddammit,en
footstar,en
goatcx,en
chink,en
butthead,en
liquor,en
spermbag,en
jailbait,en
beatoff,en
incest,en
vagina,en
urophilia,en
niggarded,en
kaffer,en
rearentry,en
motherfucking,en
spic,en
areola,en
harder,en
greaseball,en
loverocket,en
asshore,en
perv,en
fingerfood,en
muff,en
shaggin,en
commie,en
hitler,en
burn,en
honky,en
tongue,en
fubar,en
oral,en
dildo,en
abbo,en
sniggering,en
bomb,en
omorashi,en
pedophile,en
spig,en
freakyfucker,en
swallower,en
birdlock,en
bigbutt,en
nastyho,en
goddamnes,en
pooperscooper,en
bi,en
sucks,en
jizz,en
nambla,en
puntang,en
gay sex,en
bootycall,en
reject,en
enema,en
sob,en
spankthemonkey,en
buggered,en
jewish,en
wuss,en
asslick,en
bitching,en
strip club,en
gringo,en
pendy,en
tard,en
boody,en
chocolate rosebuds,en
buttfuck,en
domination,en
faeces,en
splittail,en
clamdigger,en
shitlist,en
double dong,en
niggor,en
motherfucked,en
slimeball,en
pusy,en
pedobear,en
excrement,en
goddamnit,en
stagg,en
hijack,en
sexkitten,en
hook,en
coolie,en
phuq,en
servant,en
gyppo,en
slopehead,en
pud,en
fingerfuck ,en
dumbass,en
williewanker,en
fisting,en
crapper,en
sixtyniner,en
fetish,en
two girls one cup,en
threesome,en
bitchez,en
manhater,en
pudd,en
nympho,en
mothafuckin,en
shitted,en
hitlerist,en
semen,en
pi55,en
yaoi,en
scissoring,en
sodomise,en
ky,en
big tits,en
muffdiver,en
farty ,en
nsfw images,en
ecchi,en
dirty sanchez,en
mooncricket,en
shite,en
boom,en
asshat,en
fat,en
intercourse,en
chav,en
intheass,en
jacktheripper,en
felcher,en
spaghettibender,en
angry,en
gaysex ,en
willy,en
addict,en
russki,en
slimebucket,en
bogan,en
goodpoop,en
fuckme ,en
shitcan,en
brothel,en
rentafuck,en
footjob,en
sick,en
shitoutofluck,en
paki,en
rump,en
licker,en
nigerian,en
pindick,en
cockrider,en
felching,en
geezer,en
balllicker,en
ponyplay,en
fuckoff,en
jizzum,en
sadis,en
hodgie,en
fatfucker,en
poop,en
tits,en
bicurious,en
bombs,en
hork,en
mr hands,en
bi curious,en
sooty,en
liberal,en
prick,en
clover clamps,en
spunky,en
nymphomania,en
playgirl,en
vietcong,en
yellow showers,en
xxx,en
pecker,en
bitchslap,en
demon,en
crap,en
jihad,en
assjockey,en
macaca,en
kums,en
kinky,en
pooper,en
homicide,en
fuuck,en
poon,en
fear,en
shitfuck,en
tittie,en
wanking,en
girl on top,en
fistfucker ,en
zoophilia,en
farted ,en
nigglings,en
hiscock,en
tang,en
erotism,en
floo,en
honger,en
meth,en
beaner,en
kummer,en
wn,en
geni,en
whash,en
fuckinnuts,en
fuckin,en
tainted love,en
dyke,en
kotex,en
suck,en
poverty,en
butchdike,en
datnigga,en
uterus,en
execution,en
trots,en
luckycammeltoe,en
roach,en
swallow,en
motherfuck,en
blow,en
ball gravy,en
slutwear,en
panti,en
kissass,en
shawtypimp,en
muffdive,en
mulatto,en
noonan,en
wab,en
banging,en
tunneloflove,en
doggystyle,en
fuckwhore,en
rapist,en
homobangers,en
porno,en
barfface,en
sex,en
syphilis,en
pearlnecklace,en
sleezeball,en
sextoys,en
assman,en
german,en
shagging,en
anilingus,en
stupidfucker,en
loadedgun,en
beastial,en
shithead,en
asses,en
pussylover,en
niggah,en
gotohell,en
jigga,en
remains,en
frotting,en
thirdeye,en
fuckknob,en
inthebuff,en
nawashi,en
roundeye,en
retarded,en
mastabate,en
disturbed,en
kunnilingus,en
bung hole,en
pee-pee,en
camwhore,en
satan,en
lowlife,en
tubgirl,en
fucks,en
diseases,en
blow your l,en
krap,en
addicts,en
snatchpatch,en
bra,en
poontang,en
snatch,en
pussypounder,en
shit,en
knife,en
pu55i,en
footaction,en
footlicker,en
bimbos,en
mothafuckaz,en
pussycat,en
fucking,en
funfuck,en
piece of shit,en
boang,en
nipple,en
fuckit,en
shoot,en
quim,en
booty call,en
slutting,en
coitus,en
tit,en
spermherder,en
raging boner,en
buttfucker,en
quickie,en
grope,en
skum,en
rectum,en
kanake,en
soviet,en
lies,en
honkers,en
chinky,en
dingleberry,en
shota,en
hillbillies,en
godammit,en
fugly,en
nasty,en
ejaculation,en
waysted,en
carpetmuncher,en
nastybitch,en
camel toe,en
strappado,en
jew,en
limpdick,en
heroin,en
panty,en
polack,en
pornprincess,en
gonorrehea,en
meatbeatter,en
crotchmonkey,en
topless,en
shithappens,en
foot fetish,en
canadian,en
amateur,en
uck,en
whitenigger,en
niger,en
bigger,en
squaw,en
hand job,en
buttbang,en
titty,en
gypo,en
defecate,en
kock,en
niggaracci,en
pussyfucker,en
corruption,en
girls gone wild,en
boobs,en
ejaculated,en
shitface,en
autoerotic,en
creamy,en
bible,en
fckcum,en
knockers,en
fucck,en
whorehouse,en
cocksmoker,en
queer,en
cocklover,en
assblaster,en
bombing,en
hooters,en
forni,en
kike,en
hapa,en
bazooms,en
vulva,en
failure,en
racial,en
fuckfreak,en
snot,en
cuntsucker,en
fingerfucked ,en
scallywag,en
pixy,en
kkk,en
mastabater,en
byatch,en
whigger,en
sos,en
pussy,en
group sex,en
attack,en
fucktard,en
nook,en
marijuana,en
filipina,en
asscowboy,en
fatso,en
spit,en
bazongas,en
chickslick,en
joint,en
niggards,en
cockblocker,en
gob,en
lingerie,en
anal,en
headlights,en
dike,en
pegging,en
kaffre,en
taste my,en
crack-whore,en
lynch,en
tub girl,en
bullshit,en
explosion,en
black,en
homosexual,en
fucked,en
showtime,en
lesbin,en
kid,en
fellatio,en
nudger,en
women's,en
boonga,en
choad,en
assault,en
cra5h,en
tuckahoe,en
fingerfucking ,en
hijacker,en
athletesfoot,en
pom,en
livesex,en
hostage,en
cocknob,en
nude,en
hard core,en
fuckbag,en
hobo,en
itch,en
gyp,en
kyke,en
pros,en
stupid,en
radicals,en
figging,en
fuckfest,en
hottotrot,en
kinbaku,en
sexhouse,en
violet wand,en
analsex,en
nigga,en
nittit,en
jiz ,en
suckmydick,en
pussies,en
hotdamn,en
assfucker,en
jizim,en
pixie,en
kum,en
cemetery,en
rigger,en
ethical slut,en
dolcett,en
ejaculating ,en
babe,en
cumquat,en
eatpussy,en
phuk,en
givehead,en
drunk,en
phukking,en
shiteater,en
catholic,en
hooker,en
cocksuck ,en
cocksucker,en
ball kicking,en
fuckyou,en
crappy,en
feltching,en
mideast,en
ecstacy,en
ribbed,en
dog style,en
interracial,en
tongue in a,en
pocha,en
skankywhore,en
pu55y,en
motherfuckings,en
piker,en
peepshow,en
jap,en
yiffy,en
tongethruster,en
nigger's,en
breastlover,en
stroke,en
twobitwhore,en
shits,en
israel's,en
jerkoff,en
bullet vibe,en
assassinate,en
killed,en
pocketpool,en
whacker,en
wtf,en
barf,en
juggalo,en
negro,en
spick,en
gyppy,en
nymph,en
snigger's,en
violence,en
lovemuscle,en
dago,en
feces,en
booty,en
niggers,en
shitter,en
sodomy,en
hussy,en
pisspig,en
coprophilia,en
christian,en
pimped,en
boob,en
breast,en
sperm,en
coloured,en
redlight,en
blacks,en
orga,en
bumblefuck,en
mams,en
slavedriver,en
killing,en
uptheass,en
bestial,en
sweetness,en
heeb,en
piccaninny,en
pot,en
honk,en
jizjuice,en
fuc,en
nignog,en
mgger,en
sexing,en
virginbreaker,en
samckdaddy,en
masterblaster,en
heterosexual,en
jigger ,en
blowjob,en
lovegun,en
shitstain,en
spank,en
hiv,en
lesbain,en
mad,en
sniggers,en
jizm ,en
testicle,en
ball sucking,en
dragqween,en
guro,en
pubic,en
titfuckin,en
moneyshot,en
camslut,en
bountybar,en
assklown,en
cocky,en
transsexual,en
unfuckable,en
bestiality,en
cocklicker,en
